Rank,Distribution,AICc,BIC,AD,Log-likelihood
1,Gamma_3P,1038.1073880407087,1045.6728985986729,0.6251279603603398,-515.9286940203543
2,Lognormal_3P,1038.1225905320634,1045.6881010900277,0.5704564910585725,-515.9362952660317
3,Lognormal_2P,1039.0357189595093,1044.1223479912792,0.8206248100736477,-517.4560038096515
4,Loglogistic_3P,1039.147932439856,1046.7134429978203,0.4853490605780204,-516.448966219928
5,Weibull_3P,1039.282455232393,1046.8479657903572,0.8388158725155547,-516.5162276161965
