seq_len,hidden_size,num_layers,dropout,model,test_rmse,test_mae
50.0,64.0,1.0,0.3,LSTM,13.261643386199705,9.387359619140625
,,,,Random Forest,16.973145228356433,12.43354079453891
