seq_len,hidden_size,num_layers,dropout,model,test_rmse,test_mae
50.0,128.0,1.0,0.2,LSTM,13.321048481317135,9.668663024902344
,,,,Random Forest,16.97314522835643,12.433540794538908
