seq_len,hidden_size,num_layers,dropout,model,test_rmse,test_mae
50.0,64.0,1.0,0.2,LSTM,13.006368397692123,9.03925895690918
,,,,Random Forest,16.97314522835643,12.433540794538906
