seq_len,hidden_size,num_layers,dropout,model,test_rmse,test_mae
50.0,64.0,1.0,0.3,LSTM,12.632626486725751,9.000521659851074
,,,,Random Forest,16.97314522835643,12.433540794538908
